{"max_network_wait": 10, "network_wait_for_all_actions": true, "kaneai_web_qwen": true, "wait_buffer": 0.2, "main_flow": {"0": {"operation_intent": "Click toast button", "locator": ["//XCUIElementTypeButton[@name=\"toast\"]"], "operation_type": "CLICK", "value": "", "instruction_id": "79f808dd2307432b9aa124f5e9ca785a", "operation_id": "6b94875164ab4e29", "optional_flag": false, "max_retries": 0, "retries_delay": 0, "explicit_wait": 0, "implicit_wait": 0, "frame": "", "user_variables": "[]", "operation_start": "2026-02-19 13:07:26.744285", "operation_end": "2026-02-19 13:12:53.536590", "instruction_module_id": "", "instruction_module_name": "", "use_v2_mobile_tagging": false, "hard_assertion": false, "dialog_action": "", "dialog_type": "", "dismiss_dialog": false, "is_coordinates_used_for_interaction": false, "element_coordinates_ratio": [], "element_bounds_ratio": [], "kaneaiMobileTaggingImageLimit": 1, "clicks_order_code": "se_js_ac", "selector": "", "selector_target": "", "manual_interaction_tag": "", "is_global_variable": false, "is_global_variable_persist": false, "global_variable_id": "", "mobile_browser": true, "wait_for_element_timeout": 0, "failure_condition": "", "parent_instruction_id": "", "version": "v2", "drag_offset": {}, "start_coordinates": {}, "end_coordinates": {}, "is_canvas": false, "sub_instruction_obj": "{\"operation\": \"Click toast button\", \"agent\": \"Vision Agent\", \"operation_dict\": {\"operation_type\": \"CLICK\", \"queried_value\": \"toast button\", \"operation_intent\": \"Click toast button\"}, \"suggestion\": \"\", \"variable\": {}, \"secrets\": {}, \"params\": {}}", "unresolved": false, "_original_index": 0, "global_operation_index": 0}, "1": {"operation_intent": "Click notification button", "locator": ["//XCUIElementTypeButton[@name=\"notification\"]"], "operation_type": "CLICK", "value": "", "instruction_id": "ea0438c538f0480087c2b380a1bd1a55", "operation_id": "c4d093ac545d4e25", "optional_flag": false, "max_retries": 0, "retries_delay": 0, "explicit_wait": 0, "implicit_wait": 0, "frame": "", "user_variables": "[]", "operation_start": "2026-02-19 13:08:00.228911", "operation_end": "2026-02-19 13:12:57.099520", "instruction_module_id": "", "instruction_module_name": "", "use_v2_mobile_tagging": false, "hard_assertion": false, "dialog_action": "", "dialog_type": "", "dismiss_dialog": false, "is_coordinates_used_for_interaction": false, "element_coordinates_ratio": [], "element_bounds_ratio": [], "kaneaiMobileTaggingImageLimit": 1, "clicks_order_code": "se_js_ac", "selector": "", "selector_target": "", "manual_interaction_tag": "", "is_global_variable": false, "is_global_variable_persist": false, "global_variable_id": "", "mobile_browser": true, "wait_for_element_timeout": 0, "failure_condition": "", "parent_instruction_id": "", "version": "v2", "drag_offset": {}, "start_coordinates": {}, "end_coordinates": {}, "is_canvas": false, "sub_instruction_obj": "{\"operation\": \"Click notification button\", \"agent\": \"Vision Agent\", \"operation_dict\": {\"operation_type\": \"CLICK\", \"queried_value\": \"notification button\", \"operation_intent\": \"Click notification button\"}, \"suggestion\": \"\", \"variable\": {}, \"secrets\": {}, \"params\": {}}", "unresolved": false, "_original_index": 1, "global_operation_index": 1}, "2": {"operation_intent": "Click colour button", "locator": ["//XCUIElementTypeButton[@name=\"color\"]"], "operation_type": "CLICK", "value": "", "instruction_id": "1e1b8a54bb054d0882d59699a39f91c2", "operation_id": "8f3727b063cc4cbc", "optional_flag": false, "max_retries": 0, "retries_delay": 0, "explicit_wait": 0, "implicit_wait": 0, "frame": "", "user_variables": "[]", "operation_start": "2026-02-19 13:08:19.403634", "operation_end": "2026-02-19 13:13:00.241613", "instruction_module_id": "", "instruction_module_name": "", "use_v2_mobile_tagging": false, "hard_assertion": false, "dialog_action": "", "dialog_type": "", "dismiss_dialog": false, "is_coordinates_used_for_interaction": false, "element_coordinates_ratio": [], "element_bounds_ratio": [], "kaneaiMobileTaggingImageLimit": 1, "clicks_order_code": "se_js_ac", "selector": "", "selector_target": "", "manual_interaction_tag": "", "is_global_variable": false, "is_global_variable_persist": false, "global_variable_id": "", "mobile_browser": true, "wait_for_element_timeout": 0, "failure_condition": "", "parent_instruction_id": "", "version": "v2", "drag_offset": {}, "start_coordinates": {}, "end_coordinates": {}, "is_canvas": false, "sub_instruction_obj": "{\"operation\": \"Click colour button\", \"agent\": \"Vision Agent\", \"operation_dict\": {\"operation_type\": \"CLICK\", \"queried_value\": \"colour button\", \"operation_intent\": \"Click colour button\"}, \"suggestion\": \"\", \"variable\": {}, \"secrets\": {}, \"params\": {}}", "unresolved": false, "_original_index": 2, "global_operation_index": 2}, "3": {"operation_intent": "Click text button", "locator": ["//XCUIElementTypeButton[@name=\"Text\"]"], "operation_type": "CLICK", "value": "", "instruction_id": "89416bd87fc4470890e66c53cd7ca756", "operation_id": "47480146d0094a3f", "optional_flag": false, "max_retries": 0, "retries_delay": 0, "explicit_wait": 0, "implicit_wait": 0, "frame": "", "user_variables": "[]", "operation_start": "2026-02-19 13:08:46.938928", "operation_end": "2026-02-19 13:13:03.969359", "instruction_module_id": "", "instruction_module_name": "", "use_v2_mobile_tagging": false, "hard_assertion": false, "dialog_action": "", "dialog_type": "", "dismiss_dialog": false, "is_coordinates_used_for_interaction": false, "element_coordinates_ratio": [], "element_bounds_ratio": [], "kaneaiMobileTaggingImageLimit": 1, "clicks_order_code": "se_js_ac", "selector": "", "selector_target": "", "manual_interaction_tag": "", "is_global_variable": false, "is_global_variable_persist": false, "global_variable_id": "", "mobile_browser": true, "wait_for_element_timeout": 0, "failure_condition": "", "parent_instruction_id": "", "version": "v2", "drag_offset": {}, "start_coordinates": {}, "end_coordinates": {}, "is_canvas": false, "sub_instruction_obj": "{\"operation\": \"Click text button\", \"agent\": \"Vision Agent\", \"operation_dict\": {\"operation_type\": \"CLICK\", \"queried_value\": \"text button\", \"operation_intent\": \"Click text button\"}, \"suggestion\": \"\", \"variable\": {}, \"secrets\": {}, \"params\": {}}", "unresolved": false, "_original_index": 3, "global_operation_index": 3}, "4": {"operation_intent": "Click GeoLocation button", "locator": ["//XCUIElementTypeButton[@name=\"geoLocation\"]"], "operation_type": "CLICK", "value": "", "instruction_id": "fd9fca84c298471d82264194a7cafd3f", "operation_id": "7f22c40df8ca4fda", "optional_flag": false, "max_retries": 0, "retries_delay": 0, "explicit_wait": 0, "implicit_wait": 0, "frame": "", "user_variables": "[]", "operation_start": "2026-02-19 13:09:07.615503", "operation_end": "2026-02-19 13:13:07.473394", "instruction_module_id": "", "instruction_module_name": "", "use_v2_mobile_tagging": false, "hard_assertion": false, "dialog_action": "", "dialog_type": "", "dismiss_dialog": false, "is_coordinates_used_for_interaction": false, "element_coordinates_ratio": [], "element_bounds_ratio": [], "kaneaiMobileTaggingImageLimit": 1, "clicks_order_code": "se_js_ac", "selector": "", "selector_target": "", "manual_interaction_tag": "", "is_global_variable": false, "is_global_variable_persist": false, "global_variable_id": "", "mobile_browser": true, "wait_for_element_timeout": 0, "failure_condition": "", "parent_instruction_id": "", "version": "v2", "drag_offset": {}, "start_coordinates": {}, "end_coordinates": {}, "is_canvas": false, "sub_instruction_obj": "{\"operation\": \"Click GeoLocation button\", \"agent\": \"Vision Agent\", \"operation_dict\": {\"operation_type\": \"CLICK\", \"queried_value\": \"GeoLocation button\", \"operation_intent\": \"Click GeoLocation button\"}, \"suggestion\": \"\", \"variable\": {}, \"secrets\": {}, \"params\": {}}", "unresolved": false, "_original_index": 4, "global_operation_index": 4}, "5": {"operation_intent": "Click Verify you are human checkbox", "operation_type": "CLICK", "value": "", "instruction_id": "9d8ec417d5fe46f9b302b694174c3e8a", "operation_id": "ec4a540f786f429e", "optional_flag": false, "max_retries": 0, "retries_delay": 0, "explicit_wait": 0, "implicit_wait": 0, "frame": "", "user_variables": "[]", "operation_start": "2026-02-19 13:13:20.323933", "operation_end": "2026-02-19 13:13:21.262058", "instruction_module_id": "", "instruction_module_name": "", "use_v2_mobile_tagging": false, "hard_assertion": false, "dialog_action": "", "dialog_type": "", "dismiss_dialog": false, "is_coordinates_used_for_interaction": true, "element_coordinates_ratio": [0.1064102564102564, 0.6184834123222749], "element_bounds_ratio": [0.0641025641025641, 0.6042654028436019, 0.14871794871794872, 0.6327014218009479], "kaneaiMobileTaggingImageLimit": 1, "clicks_order_code": "se_js_ac", "selector": "", "selector_target": "", "manual_interaction_tag": "", "is_global_variable": false, "is_global_variable_persist": false, "global_variable_id": "", "mobile_browser": true, "wait_for_element_timeout": 0, "failure_condition": "", "parent_instruction_id": "", "version": "v2", "drag_offset": {}, "start_coordinates": {}, "end_coordinates": {}, "is_canvas": false, "sub_instruction_obj": "{\"operation\": \"Click Verify you are human checkbox\", \"agent\": \"Vision Agent\", \"operation_dict\": {\"operation_type\": \"CLICK\", \"target\": \"Verify you are human checkbox\", \"x_coord\": 40, \"y_coord\": 519, \"element_coordinates_ratio\": [0.10256410256410256, 0.6149289099526066], \"operation_intent\": \"Click Verify you are human checkbox\"}, \"generative_id\": \"ffdfd3a708a1435f9a220f1630defb84\", \"objective\": \"Tap 'Verify you are human' checkbox\", \"variable\": {}, \"secrets\": {}, \"params\": {}}", "unresolved": false, "_original_index": 5, "global_operation_index": 5}, "6": {"operation_intent": "Wait 3 seconds for verification spinner", "operation_type": "WAIT", "value": 3, "instruction_id": "4bfba14787b34726964a50dce5f16f0e", "operation_id": "9fb07c94893a4c38", "optional_flag": false, "max_retries": 0, "retries_delay": 0, "explicit_wait": 0, "implicit_wait": 0, "frame": "", "user_variables": "[]", "operation_start": "2026-02-19 13:11:05.482925", "operation_end": "2026-02-19 13:13:25.895784", "instruction_module_id": "", "instruction_module_name": "", "use_v2_mobile_tagging": false, "hard_assertion": false, "dialog_action": "", "dialog_type": "", "dismiss_dialog": false, "is_coordinates_used_for_interaction": false, "element_coordinates_ratio": [], "element_bounds_ratio": [], "kaneaiMobileTaggingImageLimit": 1, "clicks_order_code": "se_js_ac", "selector": "", "selector_target": "", "manual_interaction_tag": "", "is_global_variable": false, "is_global_variable_persist": false, "global_variable_id": "", "mobile_browser": true, "wait_for_element_timeout": 0, "failure_condition": "", "parent_instruction_id": "", "version": "v2", "drag_offset": {}, "start_coordinates": {}, "end_coordinates": {}, "is_canvas": false, "sub_instruction_obj": "{\"operation\": \"Wait 3 seconds for verification spinner\", \"agent\": \"Operation Agent\", \"operation_dict\": {\"operation_type\": \"WAIT\", \"duration\": 3, \"operation_intent\": \"Wait 3 seconds for verification spinner\"}, \"generative_id\": \"ffdfd3a708a1435f9a220f1630defb84\", \"objective\": \"Tap 'Verify you are human' checkbox\", \"variable\": {}, \"secrets\": {}, \"params\": {}}", "unresolved": false, "_original_index": 6, "global_operation_index": 6}, "7": {"operation_intent": "Check if verification successful message is visible \u2192 {{verification_success}}", "operation_type": "VISUAL_QUERY", "query_variable_name": "verification_success", "vision_query_url": "https://kaneai-api.lambdatest.com", "use_query_v2": false, "version": "v2", "result_type": "bool", "result_hint": "", "instruction_id": "be6d7722ebe544c795c15419d036ef69", "operation_id": "656705eae82041db", "optional_flag": false, "max_retries": 0, "retries_delay": 0, "explicit_wait": 0.5, "implicit_wait": 0, "frame": "", "user_variables": "[{\"name\": \"verification_success\", \"value\": \"Check if the text 'Verification successful' is visible on the screen\", \"value_type\": \"string\"}, {\"name\": \"verification_success\", \"value\": true, \"value_type\": \"bool\"}]", "operation_start": "2026-02-19 13:13:35.898233", "operation_end": "2026-02-19 13:13:35.913894", "instruction_module_id": "", "instruction_module_name": "", "use_v2_mobile_tagging": false, "hard_assertion": false, "dialog_action": "", "dialog_type": "", "dismiss_dialog": false, "is_coordinates_used_for_interaction": false, "element_coordinates_ratio": [], "element_bounds_ratio": [], "kaneaiMobileTaggingImageLimit": 1, "clicks_order_code": "se_js_ac", "selector": "", "selector_target": "", "manual_interaction_tag": "", "is_global_variable": false, "is_global_variable_persist": false, "global_variable_id": "", "mobile_browser": true, "wait_for_element_timeout": 0, "failure_condition": "", "parent_instruction_id": "", "drag_offset": {}, "start_coordinates": {}, "end_coordinates": {}, "is_canvas": false, "sub_instruction_obj": "{\"operation\": \"Check if verification successful message is visible \\u2192 {{verification_success}}\", \"agent\": \"Vision Agent\", \"operation_dict\": {\"operation_type\": \"VISION_QUERY\", \"queried_value\": \"Check if the text 'Verification successful' is visible on the screen\", \"variable_name\": \"verification_success\", \"target\": \"Verification successful message area\", \"result_type\": \"bool\", \"x_coord\": 120, \"y_coord\": 520, \"operation_intent\": \"Check if verification successful message is visible \\u2192 {{verification_success}}\"}, \"generative_id\": \"ffdfd3a708a1435f9a220f1630defb84\", \"objective\": \"Tap 'Verify you are human' checkbox\", \"variable\": {\"operation_intent\": \"Check if verification successful message is visible \\u2192 {{verification_success}}\"}, \"secrets\": {}, \"params\": {}}", "unresolved": false, "_original_index": 7, "global_operation_index": 7}, "8": {"operation_intent": "Assert {{verification_success}} equals true", "operation_type": "ASSERTION", "expression_tree": {"operator": ["equals"], "assertion_operands": [], "left_operand": "{{verification_success}}", "right_operand": true, "operands": []}, "non_driver_operation": true, "instruction_id": "08da78781e12481fb071c3602a3443c0", "operation_id": "e7b6eda29a814c1ea37e9063f0b2df6a", "optional_flag": false, "max_retries": 2, "retries_delay": 0, "explicit_wait": 0, "implicit_wait": 0, "frame": "", "user_variables": "", "operation_start": "", "operation_end": "", "instruction_module_id": "", "instruction_module_name": "", "use_v2_mobile_tagging": false, "hard_assertion": false, "dialog_action": "", "dialog_type": "", "dismiss_dialog": false, "is_coordinates_used_for_interaction": false, "element_coordinates_ratio": [], "element_bounds_ratio": [], "kaneaiMobileTaggingImageLimit": 1, "clicks_order_code": "se_js_ac", "selector": null, "selector_target": null, "manual_interaction_tag": "", "is_global_variable": false, "is_global_variable_persist": false, "global_variable_id": "", "mobile_browser": true, "wait_for_element_timeout": 0, "failure_condition": "Fail test immediately", "parent_instruction_id": "", "version": "v2", "drag_offset": {}, "start_coordinates": {}, "end_coordinates": {}, "is_canvas": false, "sub_instruction_obj": {}, "unresolved": false, "_original_index": 8, "global_operation_index": 8}, "9": {"operation_intent": "Click Tracker button", "locator": ["//XCUIElementTypeImage[@name=\"IP Tracker\"]"], "operation_type": "CLICK", "value": "", "instruction_id": "21e27b257c7249f1babba95a2673e5ad", "operation_id": "240c6f7a287e4866", "optional_flag": false, "max_retries": 0, "retries_delay": 0, "explicit_wait": 0, "implicit_wait": 0, "frame": "", "user_variables": "[]", "operation_start": "2026-02-19 13:14:09.849961", "operation_end": "2026-02-19 13:14:12.168353", "instruction_module_id": "", "instruction_module_name": "", "use_v2_mobile_tagging": false, "hard_assertion": false, "dialog_action": "", "dialog_type": "", "dismiss_dialog": false, "is_coordinates_used_for_interaction": false, "element_coordinates_ratio": [], "element_bounds_ratio": [], "kaneaiMobileTaggingImageLimit": 1, "clicks_order_code": "se_js_ac", "selector": "", "selector_target": "", "manual_interaction_tag": "", "is_global_variable": false, "is_global_variable_persist": false, "global_variable_id": "", "mobile_browser": true, "wait_for_element_timeout": 0, "failure_condition": "", "parent_instruction_id": "", "version": "v2", "drag_offset": {}, "start_coordinates": {}, "end_coordinates": {}, "is_canvas": false, "sub_instruction_obj": "{\"operation\": \"Click Tracker button\", \"agent\": \"Vision Agent\", \"operation_dict\": {\"operation_type\": \"CLICK\", \"queried_value\": \"Tracker button\", \"operation_intent\": \"Click Tracker button\"}, \"suggestion\": \"\", \"variable\": {}, \"secrets\": {}, \"params\": {}}", "unresolved": false, "_original_index": 9, "global_operation_index": 9}, "10": {"operation_intent": "Click 'verify you are human' checkbox", "operation_type": "CLICK", "value": "", "instruction_id": "e1e6237872d0438ba01679e75b6e867a", "operation_id": "e9ac20c0c48d4c53", "optional_flag": false, "max_retries": 0, "retries_delay": 0, "explicit_wait": 0, "implicit_wait": 0, "frame": "", "user_variables": "[]", "operation_start": "2026-02-19 13:14:37.699190", "operation_end": "2026-02-19 13:14:38.724182", "instruction_module_id": "", "instruction_module_name": "", "use_v2_mobile_tagging": false, "hard_assertion": false, "dialog_action": "", "dialog_type": "", "dismiss_dialog": false, "is_coordinates_used_for_interaction": true, "element_coordinates_ratio": [0.1064102564102564, 0.6184834123222749], "element_bounds_ratio": [0.0641025641025641, 0.6042654028436019, 0.14871794871794872, 0.6327014218009479], "kaneaiMobileTaggingImageLimit": 1, "clicks_order_code": "se_js_ac", "selector": "", "selector_target": "", "manual_interaction_tag": "", "is_global_variable": false, "is_global_variable_persist": false, "global_variable_id": "", "mobile_browser": true, "wait_for_element_timeout": 0, "failure_condition": "", "parent_instruction_id": "", "version": "v2", "drag_offset": {}, "start_coordinates": {}, "end_coordinates": {}, "is_canvas": false, "sub_instruction_obj": "{\"operation\": \"Click 'verify you are human' checkbox\", \"agent\": \"Vision Agent\", \"operation_dict\": {\"operation_type\": \"CLICK\", \"queried_value\": \"verify you are human checkbox\", \"operation_intent\": \"Click 'verify you are human' checkbox\"}, \"suggestion\": \"\", \"variable\": {}, \"secrets\": {}, \"params\": {}}", "unresolved": false, "_original_index": 10, "global_operation_index": 10}, "11": {"operation_intent": "Press BACK key", "operation_type": "KEYEVENT", "value": "BACK", "instruction_id": "3cb4d2bd41634901b9f4d72a890615d9", "operation_id": "1b1eaa49141a46aa", "optional_flag": false, "max_retries": 0, "retries_delay": 0, "explicit_wait": 0, "implicit_wait": 0, "frame": "", "user_variables": "[]", "operation_start": "2026-02-19 13:14:52.907220", "operation_end": "2026-02-19 13:14:54.228062", "instruction_module_id": "", "instruction_module_name": "", "use_v2_mobile_tagging": false, "hard_assertion": false, "dialog_action": "", "dialog_type": "", "dismiss_dialog": false, "is_coordinates_used_for_interaction": false, "element_coordinates_ratio": [], "element_bounds_ratio": [], "kaneaiMobileTaggingImageLimit": 1, "clicks_order_code": "se_js_ac", "selector": "", "selector_target": "", "manual_interaction_tag": "", "is_global_variable": false, "is_global_variable_persist": false, "global_variable_id": "", "mobile_browser": true, "wait_for_element_timeout": 0, "failure_condition": "", "parent_instruction_id": "", "version": "v2", "drag_offset": {}, "start_coordinates": {}, "end_coordinates": {}, "is_canvas": false, "sub_instruction_obj": "{\"operation\": \"Press BACK key\", \"agent\": \"Operation Agent\", \"operation_dict\": {\"operation_type\": \"KEYEVENT\", \"value\": \"BACK\", \"operation_intent\": \"Press BACK key\"}, \"suggestion\": \"\", \"variable\": {}, \"secrets\": {}, \"params\": {}}", "unresolved": false, "_original_index": 11, "global_operation_index": 11}, "12": {"operation_intent": "Click speed test button", "locator": ["//XCUIElementTypeButton[@name=\"speedTest\"]"], "operation_type": "CLICK", "value": "", "instruction_id": "365001fec8764fde8a081d764bfc9195", "operation_id": "a4800e631f024a97", "optional_flag": false, "max_retries": 0, "retries_delay": 0, "explicit_wait": 0, "implicit_wait": 0, "frame": "", "user_variables": "[]", "operation_start": "2026-02-19 13:15:10.454659", "operation_end": "2026-02-19 13:15:12.035283", "instruction_module_id": "", "instruction_module_name": "", "use_v2_mobile_tagging": false, "hard_assertion": false, "dialog_action": "", "dialog_type": "", "dismiss_dialog": false, "is_coordinates_used_for_interaction": false, "element_coordinates_ratio": [], "element_bounds_ratio": [], "kaneaiMobileTaggingImageLimit": 1, "clicks_order_code": "se_js_ac", "selector": "", "selector_target": "", "manual_interaction_tag": "", "is_global_variable": false, "is_global_variable_persist": false, "global_variable_id": "", "mobile_browser": true, "wait_for_element_timeout": 0, "failure_condition": "", "parent_instruction_id": "", "version": "v2", "drag_offset": {}, "start_coordinates": {}, "end_coordinates": {}, "is_canvas": false, "sub_instruction_obj": "{\"operation\": \"Click speed test button\", \"agent\": \"Vision Agent\", \"operation_dict\": {\"operation_type\": \"CLICK\", \"queried_value\": \"speed test button\", \"operation_intent\": \"Click speed test button\"}, \"suggestion\": \"\", \"variable\": {}, \"secrets\": {}, \"params\": {}}", "unresolved": false, "_original_index": 12, "global_operation_index": 12}, "13": {"operation_intent": "Click continue button", "locator": ["//XCUIElementTypeButton[@name=\"Continue\"]"], "operation_type": "CLICK", "value": "", "instruction_id": "655410325b7d46b8a36b53764aee154b", "operation_id": "f181a6ec6679498b", "optional_flag": false, "max_retries": 0, "retries_delay": 0, "explicit_wait": 0, "implicit_wait": 0, "frame": "", "user_variables": "[]", "operation_start": "2026-02-19 13:16:02.502029", "operation_end": "2026-02-19 13:16:04.445459", "instruction_module_id": "", "instruction_module_name": "", "use_v2_mobile_tagging": false, "hard_assertion": false, "dialog_action": "", "dialog_type": "", "dismiss_dialog": false, "is_coordinates_used_for_interaction": false, "element_coordinates_ratio": [], "element_bounds_ratio": [], "kaneaiMobileTaggingImageLimit": 1, "clicks_order_code": "se_js_ac", "selector": "", "selector_target": "", "manual_interaction_tag": "", "is_global_variable": false, "is_global_variable_persist": false, "global_variable_id": "", "mobile_browser": true, "wait_for_element_timeout": 0, "failure_condition": "", "parent_instruction_id": "", "version": "v2", "drag_offset": {}, "start_coordinates": {}, "end_coordinates": {}, "is_canvas": false, "sub_instruction_obj": "{\"operation\": \"Click continue button\", \"agent\": \"Vision Agent\", \"operation_dict\": {\"operation_type\": \"CLICK\", \"queried_value\": \"continue button\", \"operation_intent\": \"Click continue button\"}, \"suggestion\": \"\", \"variable\": {}, \"secrets\": {}, \"params\": {}}", "unresolved": false, "_original_index": 13, "global_operation_index": 13}, "14": {"operation_intent": "Click continue on the web text", "locator": ["//XCUIElementTypeStaticText[@name=\"Continue on the web\"]"], "operation_type": "CLICK", "value": "", "instruction_id": "48156ae38d124bb99d59c90eb94457b8", "operation_id": "92aaa91b46f64ade", "optional_flag": false, "max_retries": 0, "retries_delay": 0, "explicit_wait": 0, "implicit_wait": 0, "frame": "", "user_variables": "[]", "operation_start": "2026-02-19 13:16:30.439733", "operation_end": "2026-02-19 13:16:32.352418", "instruction_module_id": "", "instruction_module_name": "", "use_v2_mobile_tagging": false, "hard_assertion": false, "dialog_action": "", "dialog_type": "", "dismiss_dialog": false, "is_coordinates_used_for_interaction": false, "element_coordinates_ratio": [], "element_bounds_ratio": [], "kaneaiMobileTaggingImageLimit": 1, "clicks_order_code": "se_js_ac", "selector": "", "selector_target": "", "manual_interaction_tag": "", "is_global_variable": false, "is_global_variable_persist": false, "global_variable_id": "", "mobile_browser": true, "wait_for_element_timeout": 0, "failure_condition": "", "parent_instruction_id": "", "version": "v2", "drag_offset": {}, "start_coordinates": {}, "end_coordinates": {}, "is_canvas": false, "sub_instruction_obj": "{\"operation\": \"Click continue on the web text\", \"agent\": \"Vision Agent\", \"operation_dict\": {\"operation_type\": \"CLICK\", \"queried_value\": \"continue on the web text\", \"operation_intent\": \"Click continue on the web text\"}, \"suggestion\": \"\", \"variable\": {}, \"secrets\": {}, \"params\": {}}", "unresolved": false, "_original_index": 14, "global_operation_index": 14}, "15": {"operation_intent": "Click Go button", "locator": ["//XCUIElementTypeButton[@name=\"start speed test - connection type multi\"]"], "operation_type": "CLICK", "value": "", "instruction_id": "58e49fc69ac14960afdc1c031d972134", "operation_id": "5f29fc8c6300465c", "optional_flag": false, "max_retries": 0, "retries_delay": 0, "explicit_wait": 0, "implicit_wait": 0, "frame": "", "user_variables": "[]", "operation_start": "2026-02-19 13:16:53.393220", "operation_end": "2026-02-19 13:16:55.320509", "instruction_module_id": "", "instruction_module_name": "", "use_v2_mobile_tagging": false, "hard_assertion": false, "dialog_action": "", "dialog_type": "", "dismiss_dialog": false, "is_coordinates_used_for_interaction": false, "element_coordinates_ratio": [], "element_bounds_ratio": [], "kaneaiMobileTaggingImageLimit": 1, "clicks_order_code": "se_js_ac", "selector": "", "selector_target": "", "manual_interaction_tag": "", "is_global_variable": false, "is_global_variable_persist": false, "global_variable_id": "", "mobile_browser": true, "wait_for_element_timeout": 0, "failure_condition": "", "parent_instruction_id": "", "version": "v2", "drag_offset": {}, "start_coordinates": {}, "end_coordinates": {}, "is_canvas": false, "sub_instruction_obj": "{\"operation\": \"Click Go button\", \"agent\": \"Vision Agent\", \"operation_dict\": {\"operation_type\": \"CLICK\", \"queried_value\": \"Go button\", \"operation_intent\": \"Click Go button\"}, \"suggestion\": \"\", \"variable\": {}, \"secrets\": {}, \"params\": {}}", "unresolved": false, "_original_index": 15, "global_operation_index": 15}, "16": {"operation_intent": "Close current app", "operation_type": "CLOSE_APP", "value": "{\"packageName\": \"\", \"packageActivity\": \"\"}", "instruction_id": "749e12db0f79473e985917206c62a868", "operation_id": "d4ce99ff86e043ed", "optional_flag": false, "max_retries": 0, "retries_delay": 0, "explicit_wait": 0, "implicit_wait": 0, "frame": "", "user_variables": "[]", "operation_start": "2026-02-19 13:17:26.613756", "operation_end": "2026-02-19 13:17:28.337910", "instruction_module_id": "", "instruction_module_name": "", "use_v2_mobile_tagging": false, "hard_assertion": false, "dialog_action": "", "dialog_type": "", "dismiss_dialog": false, "is_coordinates_used_for_interaction": false, "element_coordinates_ratio": [], "element_bounds_ratio": [], "kaneaiMobileTaggingImageLimit": 1, "clicks_order_code": "se_js_ac", "selector": "", "selector_target": "", "manual_interaction_tag": "", "is_global_variable": false, "is_global_variable_persist": false, "global_variable_id": "", "mobile_browser": true, "wait_for_element_timeout": 0, "failure_condition": "", "parent_instruction_id": "", "version": "v2", "drag_offset": {}, "start_coordinates": {}, "end_coordinates": {}, "is_canvas": false, "sub_instruction_obj": "{\"operation\": \"Close current app\", \"agent\": \"Operation Agent\", \"operation_dict\": {\"operation_type\": \"CLOSE_APP\", \"operation_intent\": \"Close current app\"}, \"suggestion\": \"\", \"variable\": {}, \"secrets\": {}, \"params\": {}}", "unresolved": false, "_original_index": 16, "global_operation_index": 16}}, "parameters": {"altu": "altu", "Button": "Google Search", "center": "Private Companies Practice Section (PCPS)", "city": "Goa", "city_search": "Chennai", "city_search_new": "Delhi", "city_search11": "Delhi", "City5": "Mumbai", "City6": "Banglore", "Country": "India", "Course": "Business", "DemoIDP": "test12345", "Destination": "Australia", "dream11email": "roshank@lambdatest.com", "email": "test@test.com", "Email1": "sakshammp3@gmail.com1", "emailatistify": "sakshammp3@gmail.com", "emailTest": "test@gmail.com", "First_Name": "TestUsername", "fname": "John", "FNameTestMu": "Sparsh", "FNameTestMu123": "Sparsh", "google_url": "google.com", "Last_name": "Kaur", "LT_USERNAME": "devanshsingh", "myemail": "devanshsingh@lambdatest.com", "Name": "Devansh", "Name23": "Saksham", "password": "tr#zO\"1+6+tv+77", "Postal_Code": "560048", "productName": "Helmets", "region": "us", "review": "National Peer Review Committee (NPRC)", "Roll": "1", "sample_para": "1", "scroll_percentage": "15%", "search": "test", "slug_url": "register", "StudyLevel": "Postgraduate", "technoEmail": "roshank@lambdatest.com", "technoPassword": "12345", "Test1": "Test1", "test132424": "2424242424", "Test2": "Test2", "testpp": "abc@123", "TestRunID": "01K4JFVBHRN6GXC30WD0NZR8BS11", "University": "UNIVERSITY OF TECHNOLOGY SYDNEY", "Username": "standard_user"}, "variables": {"verification_success": true}, "global_variables": [{"id": 7688, "name": "a", "value": "hello", "session_value": "hello", "is_persist": false, "environment_id": 0, "environment_name": "No Env"}, {"id": 3425, "name": "Appname", "value": "Proverbial", "session_value": "Proverbial", "is_persist": false, "environment_id": 0, "environment_name": "No Env"}, {"id": 1552, "name": "Demo", "value": "124", "session_value": "124", "is_persist": false, "environment_id": 0, "environment_name": "No Env"}, {"id": 1111, "name": "email_add", "value": "siof5pm9u3@example.com", "session_value": "siof5pm9u3@example.com", "is_persist": true, "environment_id": 0, "environment_name": "No Env"}, {"id": 7603, "name": "firstname", "value": "324356576", "session_value": "324356576", "is_persist": false, "environment_id": 0, "environment_name": "No Env"}, {"id": 7679, "name": "global_sample_variable", "value": "asdad", "session_value": "asdad", "is_persist": true, "environment_id": 0, "environment_name": "No Env"}, {"id": 7474, "name": "lambdatest", "value": "https://www.lambdatest.com/login", "session_value": "https://www.lambdatest.com/login", "is_persist": false, "environment_id": 0, "environment_name": "No Env"}, {"id": 8185, "name": "name", "value": "Prashant", "session_value": "Prashant", "is_persist": false, "environment_id": 0, "environment_name": "No Env"}, {"id": 11129, "name": "Name4", "value": "Saksham", "session_value": "Saksham", "is_persist": false, "environment_id": 0, "environment_name": "No Env"}, {"id": 9666, "name": "namePrashant", "value": "Prashant", "session_value": "Prashant", "is_persist": false, "environment_id": 0, "environment_name": "No Env"}, {"id": 4065, "name": "rand_str", "value": "6cRkaLc8", "session_value": "6cRkaLc8", "is_persist": true, "environment_id": 0, "environment_name": "No Env"}, {"id": 15850, "name": "salesForceDemo", "value": "saranshk191@agentforce.com", "session_value": "saranshk191@agentforce.com", "is_persist": false, "environment_id": 0, "environment_name": "No Env"}, {"id": 7674, "name": "sample_variable", "value": "Devansh", "session_value": "Devansh", "is_persist": true, "environment_id": 0, "environment_name": "No Env"}, {"id": 18062, "name": "ToBeSearched", "value": "Rugby", "session_value": "Rugby", "is_persist": false, "environment_id": 0, "environment_name": "No Env"}, {"id": 6448, "name": "url", "value": "www.github.com", "session_value": "www.github.com", "is_persist": false, "environment_id": 0, "environment_name": "No Env"}, {"id": 16987, "name": "url_test_git", "value": "www.google.com", "session_value": "www.google.com", "is_persist": false, "environment_id": 0, "environment_name": "No Env"}, {"id": 16986, "name": "url_toTest", "value": "www.google.co.in", "session_value": "www.google.co.in", "is_persist": false, "environment_id": 0, "environment_name": "No Env"}, {"id": 6021, "name": "url11", "value": "https://sod.superoffice.com/", "session_value": "https://sod.superoffice.com/", "is_persist": false, "environment_id": 0, "environment_name": "No Env"}, {"id": 11249, "name": "Test12345", "value": "Testing", "session_value": "Testing", "is_persist": false, "environment_id": 1123, "environment_name": "development"}, {"id": 11184, "name": "assert_var", "value": "Test", "session_value": "Test", "is_persist": false, "environment_id": 174, "environment_name": "Prod"}, {"id": 7951, "name": "devansh_github", "value": "https://www.github.com/", "session_value": "https://www.github.com/", "is_persist": false, "environment_id": 174, "environment_name": "Prod"}, {"id": 8128, "name": "lambdatest", "value": "https://www.github.com", "session_value": "https://www.github.com", "is_persist": false, "environment_id": 174, "environment_name": "Prod"}, {"id": 8187, "name": "number", "value": "1234", "session_value": "1234", "is_persist": false, "environment_id": 174, "environment_name": "Prod"}, {"id": 9298, "name": "prod_variable", "value": "https://www.youtube.com", "session_value": "https://www.youtube.com", "is_persist": false, "environment_id": 174, "environment_name": "Prod"}, {"id": 8188, "name": "tesingPhoneNumber", "value": "124567911", "session_value": "124567911", "is_persist": false, "environment_id": 174, "environment_name": "Prod"}, {"id": 2423, "name": "url", "value": "https://accounts.lambdatest.com/", "session_value": "https://accounts.lambdatest.com/", "is_persist": false, "environment_id": 174, "environment_name": "Prod"}, {"id": 8129, "name": "ewrfr", "value": "https://www.github.com", "session_value": "https://www.github.com", "is_persist": false, "environment_id": 304, "environment_name": "Stage"}, {"id": 9299, "name": "stage_variable", "value": "https://www.github.com", "session_value": "https://www.github.com", "is_persist": false, "environment_id": 304, "environment_name": "Stage"}, {"id": 2424, "name": "url", "value": "https://stage-accounts.lambdatestinternal.com/", "session_value": "https://stage-accounts.lambdatestinternal.com/", "is_persist": false, "environment_id": 304, "environment_name": "Stage"}, {"id": 10351, "name": "url", "value": "lambdatest.com", "session_value": "lambdatest.com", "is_persist": false, "environment_id": 1073, "environment_name": "test\\"}]}