{"max_network_wait": 10, "network_wait_for_all_actions": true, "kaneai_web_qwen": true, "wait_buffer": 0.2, "main_flow": {"0": {"operation_intent": "Click color button", "locator": ["//android.widget.Button[@resource-id=\"com.lambdatest.proverbial:id/color\"]"], "operation_type": "CLICK", "value": "", "instruction_id": "e654c3627e354624a01863ebada02a93", "operation_id": "0f2f384882bf489d", "optional_flag": false, "max_retries": 0, "retries_delay": 0, "explicit_wait": 0, "implicit_wait": 0, "frame": "", "user_variables": "[]", "operation_start": "2026-02-19 12:50:01.351358", "operation_end": "2026-02-19 12:50:02.022014", "instruction_module_id": "", "instruction_module_name": "", "use_v2_mobile_tagging": false, "hard_assertion": false, "dialog_action": "", "dialog_type": "", "dismiss_dialog": false, "is_coordinates_used_for_interaction": false, "element_coordinates_ratio": [], "element_bounds_ratio": [], "kaneaiMobileTaggingImageLimit": 4, "clicks_order_code": "se_js_ac", "selector": "", "selector_target": "", "manual_interaction_tag": "", "is_global_variable": false, "is_global_variable_persist": false, "global_variable_id": "", "mobile_browser": true, "wait_for_element_timeout": 0, "failure_condition": "", "parent_instruction_id": "", "version": "v2", "drag_offset": {}, "start_coordinates": {}, "end_coordinates": {}, "is_canvas": false, "sub_instruction_obj": "{\"operation\": \"Click color button\", \"agent\": \"Vision Agent\", \"operation_dict\": {\"operation_type\": \"CLICK\", \"queried_value\": \"color button\", \"operation_intent\": \"Click color button\"}, \"suggestion\": \"\", \"variable\": {}, \"secrets\": {}, \"params\": {}}", "unresolved": false, "_original_index": 0, "global_operation_index": 0}, "1": {"operation_intent": "Click Geolocation button", "locator": ["//android.widget.Button[@resource-id=\"com.lambdatest.proverbial:id/geoLocation\"]"], "operation_type": "CLICK", "value": "", "instruction_id": "f8f3299a0cf14e92bbc765c9c15a4c1d", "operation_id": "9554230a0750469c", "optional_flag": false, "max_retries": 0, "retries_delay": 0, "explicit_wait": 0, "implicit_wait": 0, "frame": "", "user_variables": "[]", "operation_start": "2026-02-19 12:50:31.920482", "operation_end": "2026-02-19 12:50:32.472114", "instruction_module_id": "", "instruction_module_name": "", "use_v2_mobile_tagging": false, "hard_assertion": false, "dialog_action": "", "dialog_type": "", "dismiss_dialog": false, "is_coordinates_used_for_interaction": false, "element_coordinates_ratio": [], "element_bounds_ratio": [], "kaneaiMobileTaggingImageLimit": 4, "clicks_order_code": "se_js_ac", "selector": "", "selector_target": "", "manual_interaction_tag": "", "is_global_variable": false, "is_global_variable_persist": false, "global_variable_id": "", "mobile_browser": true, "wait_for_element_timeout": 0, "failure_condition": "", "parent_instruction_id": "", "version": "v2", "drag_offset": {}, "start_coordinates": {}, "end_coordinates": {}, "is_canvas": false, "sub_instruction_obj": "{\"operation\": \"Click Geolocation button\", \"agent\": \"Vision Agent\", \"operation_dict\": {\"operation_type\": \"CLICK\", \"queried_value\": \"Geolocation button\", \"operation_intent\": \"Click Geolocation button\"}, \"suggestion\": \"\", \"variable\": {}, \"secrets\": {}, \"params\": {}}", "unresolved": false, "_original_index": 1, "global_operation_index": 1}, "2": {"operation_intent": "Type 'India' in input box", "locator": ["//android.widget.EditText[@resource-id=\"com.lambdatest.proverbial:id/url\"]"], "operation_type": "TYPE", "value": "India", "multiple_inputs": false, "instruction_id": "c221ec21f9ff48dfa9ea04ed0e341dd3", "operation_id": "e0e23a8d340a4695", "optional_flag": false, "max_retries": 0, "retries_delay": 0, "explicit_wait": 0, "implicit_wait": 0, "frame": "", "user_variables": "[]", "operation_start": "2026-02-19 12:51:51.707689", "operation_end": "2026-02-19 12:51:53.614245", "instruction_module_id": "", "instruction_module_name": "", "use_v2_mobile_tagging": false, "hard_assertion": false, "dialog_action": "", "dialog_type": "", "dismiss_dialog": false, "is_coordinates_used_for_interaction": false, "element_coordinates_ratio": [], "element_bounds_ratio": [], "kaneaiMobileTaggingImageLimit": 4, "clicks_order_code": "se_js_ac", "selector": "", "selector_target": "", "manual_interaction_tag": "", "is_global_variable": false, "is_global_variable_persist": false, "global_variable_id": "", "mobile_browser": true, "wait_for_element_timeout": 0, "failure_condition": "", "parent_instruction_id": "", "version": "v2", "drag_offset": {}, "start_coordinates": {}, "end_coordinates": {}, "is_canvas": false, "sub_instruction_obj": "{\"operation\": \"Type 'India' in input box\", \"agent\": \"Vision Agent\", \"operation_dict\": {\"operation_type\": \"TYPE\", \"queried_value\": \"input box\", \"value\": \"India\", \"operation_intent\": \"Type 'India' in input box\"}, \"suggestion\": 1, \"variable\": {}, \"secrets\": {}, \"params\": {}}", "unresolved": false, "_original_index": 2, "global_operation_index": 2}, "3": {"operation_intent": "Click find button", "locator": ["//android.widget.Button[@resource-id=\"com.lambdatest.proverbial:id/find\"]"], "operation_type": "CLICK", "value": "", "instruction_id": "0ed3e2e6130540d6a1fb71c33e369487", "operation_id": "734f943907de420f", "optional_flag": false, "max_retries": 0, "retries_delay": 0, "explicit_wait": 0, "implicit_wait": 0, "frame": "", "user_variables": "[]", "operation_start": "2026-02-19 12:52:02.754535", "operation_end": "2026-02-19 12:52:03.513783", "instruction_module_id": "", "instruction_module_name": "", "use_v2_mobile_tagging": false, "hard_assertion": false, "dialog_action": "", "dialog_type": "", "dismiss_dialog": false, "is_coordinates_used_for_interaction": false, "element_coordinates_ratio": [], "element_bounds_ratio": [], "kaneaiMobileTaggingImageLimit": 4, "clicks_order_code": "se_js_ac", "selector": "", "selector_target": "", "manual_interaction_tag": "", "is_global_variable": false, "is_global_variable_persist": false, "global_variable_id": "", "mobile_browser": true, "wait_for_element_timeout": 0, "failure_condition": "", "parent_instruction_id": "", "version": "v2", "drag_offset": {}, "start_coordinates": {}, "end_coordinates": {}, "is_canvas": false, "sub_instruction_obj": "{\"operation\": \"Click find button\", \"agent\": \"Vision Agent\", \"operation_dict\": {\"operation_type\": \"CLICK\", \"queried_value\": \"find button\", \"operation_intent\": \"Click find button\"}, \"suggestion\": \"\", \"variable\": {}, \"secrets\": {}, \"params\": {}}", "unresolved": false, "_original_index": 3, "global_operation_index": 3}, "4": {"operation_intent": "Press BACK key", "operation_type": "KEYEVENT", "value": "BACK", "instruction_id": "686b25655b3c4c47a717728ca7445a5c", "operation_id": "27a2d507da494573", "optional_flag": false, "max_retries": 0, "retries_delay": 0, "explicit_wait": 0, "implicit_wait": 0, "frame": "", "user_variables": "[]", "operation_start": "2026-02-19 12:52:14.179184", "operation_end": "2026-02-19 12:52:14.270679", "instruction_module_id": "", "instruction_module_name": "", "use_v2_mobile_tagging": false, "hard_assertion": false, "dialog_action": "", "dialog_type": "", "dismiss_dialog": false, "is_coordinates_used_for_interaction": false, "element_coordinates_ratio": [], "element_bounds_ratio": [], "kaneaiMobileTaggingImageLimit": 1, "clicks_order_code": "se_js_ac", "selector": "", "selector_target": "", "manual_interaction_tag": "", "is_global_variable": false, "is_global_variable_persist": false, "global_variable_id": "", "mobile_browser": true, "wait_for_element_timeout": 0, "failure_condition": "", "parent_instruction_id": "", "version": "v2", "drag_offset": {}, "start_coordinates": {}, "end_coordinates": {}, "is_canvas": false, "sub_instruction_obj": "{\"operation\": \"Press BACK key\", \"agent\": \"Operation Agent\", \"operation_dict\": {\"operation_type\": \"KEYEVENT\", \"value\": \"BACK\", \"operation_intent\": \"Press BACK key\"}, \"suggestion\": \"\", \"variable\": {}, \"secrets\": {}, \"params\": {}}", "unresolved": false, "_original_index": 4, "global_operation_index": 4}, "5": {"operation_intent": "Click text button", "locator": ["//android.widget.Button[@resource-id=\"com.lambdatest.proverbial:id/Text\"]"], "operation_type": "CLICK", "value": "", "instruction_id": "cc39fa02962c429cbad668646cc139a9", "operation_id": "6fb5cd885a98491e", "optional_flag": false, "max_retries": 0, "retries_delay": 0, "explicit_wait": 0, "implicit_wait": 0, "frame": "", "user_variables": "[]", "operation_start": "2026-02-19 12:52:34.912629", "operation_end": "2026-02-19 12:52:35.432686", "instruction_module_id": "", "instruction_module_name": "", "use_v2_mobile_tagging": false, "hard_assertion": false, "dialog_action": "", "dialog_type": "", "dismiss_dialog": false, "is_coordinates_used_for_interaction": false, "element_coordinates_ratio": [], "element_bounds_ratio": [], "kaneaiMobileTaggingImageLimit": 4, "clicks_order_code": "se_js_ac", "selector": "", "selector_target": "", "manual_interaction_tag": "", "is_global_variable": false, "is_global_variable_persist": false, "global_variable_id": "", "mobile_browser": true, "wait_for_element_timeout": 0, "failure_condition": "", "parent_instruction_id": "", "version": "v2", "drag_offset": {}, "start_coordinates": {}, "end_coordinates": {}, "is_canvas": false, "sub_instruction_obj": "{\"operation\": \"Click text button\", \"agent\": \"Vision Agent\", \"operation_dict\": {\"operation_type\": \"CLICK\", \"queried_value\": \"text button\", \"operation_intent\": \"Click text button\"}, \"suggestion\": \"\", \"variable\": {}, \"secrets\": {}, \"params\": {}}", "unresolved": false, "_original_index": 5, "global_operation_index": 5}, "6": {"operation_intent": "Click notification button", "locator": ["//android.widget.Button[@resource-id=\"com.lambdatest.proverbial:id/notification\"]"], "operation_type": "CLICK", "value": "", "instruction_id": "4484db53c557479b8d2181d660b18175", "operation_id": "d52b1f7a4d8d4b58", "optional_flag": false, "max_retries": 0, "retries_delay": 0, "explicit_wait": 0, "implicit_wait": 0, "frame": "", "user_variables": "[]", "operation_start": "2026-02-19 12:53:11.509353", "operation_end": "2026-02-19 12:53:12.065530", "instruction_module_id": "", "instruction_module_name": "", "use_v2_mobile_tagging": false, "hard_assertion": false, "dialog_action": "", "dialog_type": "", "dismiss_dialog": false, "is_coordinates_used_for_interaction": false, "element_coordinates_ratio": [], "element_bounds_ratio": [], "kaneaiMobileTaggingImageLimit": 4, "clicks_order_code": "se_js_ac", "selector": "", "selector_target": "", "manual_interaction_tag": "", "is_global_variable": false, "is_global_variable_persist": false, "global_variable_id": "", "mobile_browser": true, "wait_for_element_timeout": 0, "failure_condition": "", "parent_instruction_id": "", "version": "v2", "drag_offset": {}, "start_coordinates": {}, "end_coordinates": {}, "is_canvas": false, "sub_instruction_obj": "{\"operation\": \"Click notification button\", \"agent\": \"Vision Agent\", \"operation_dict\": {\"operation_type\": \"CLICK\", \"queried_value\": \"notification button\", \"operation_intent\": \"Click notification button\"}, \"suggestion\": \"\", \"variable\": {}, \"secrets\": {}, \"params\": {}}", "unresolved": false, "_original_index": 6, "global_operation_index": 6}, "7": {"operation_intent": "Click Allow button to accept notification", "locator": ["//android.widget.Button[@resource-id=\"com.android.permissioncontroller:id/permission_allow_button\"]"], "operation_type": "CLICK", "value": "", "instruction_id": "540732d8851e4d3d8a1c8c46bda15363", "operation_id": "531ea50bcc914e32", "optional_flag": false, "max_retries": 0, "retries_delay": 0, "explicit_wait": 0, "implicit_wait": 0, "frame": "", "user_variables": "[]", "operation_start": "2026-02-19 12:54:09.088524", "operation_end": "2026-02-19 12:54:09.652560", "instruction_module_id": "", "instruction_module_name": "", "use_v2_mobile_tagging": false, "hard_assertion": false, "dialog_action": "", "dialog_type": "", "dismiss_dialog": false, "is_coordinates_used_for_interaction": false, "element_coordinates_ratio": [], "element_bounds_ratio": [], "kaneaiMobileTaggingImageLimit": 4, "clicks_order_code": "se_js_ac", "selector": "", "selector_target": "", "manual_interaction_tag": "", "is_global_variable": false, "is_global_variable_persist": false, "global_variable_id": "", "mobile_browser": true, "wait_for_element_timeout": 0, "failure_condition": "", "parent_instruction_id": "", "version": "v2", "drag_offset": {}, "start_coordinates": {}, "end_coordinates": {}, "is_canvas": false, "sub_instruction_obj": "{\"operation\": \"Click Allow button to accept notification\", \"agent\": \"Vision Agent\", \"operation_dict\": {\"operation_type\": \"CLICK\", \"queried_value\": \"Allow button\", \"operation_intent\": \"Click Allow button to accept notification\"}, \"suggestion\": \"\", \"variable\": {}, \"secrets\": {}, \"params\": {}}", "unresolved": false, "_original_index": 7, "global_operation_index": 7}, "8": {"operation_intent": "Click toast button", "locator": ["//android.widget.Button[@resource-id=\"com.lambdatest.proverbial:id/toast\"]"], "operation_type": "CLICK", "value": "", "instruction_id": "9f2e75685ca24e7e84717365dc790b6f", "operation_id": "5e8d13d540a24b97", "optional_flag": false, "max_retries": 0, "retries_delay": 0, "explicit_wait": 0, "implicit_wait": 0, "frame": "", "user_variables": "[]", "operation_start": "2026-02-19 12:55:29.033684", "operation_end": "2026-02-19 12:55:29.574315", "instruction_module_id": "", "instruction_module_name": "", "use_v2_mobile_tagging": false, "hard_assertion": false, "dialog_action": "", "dialog_type": "", "dismiss_dialog": false, "is_coordinates_used_for_interaction": false, "element_coordinates_ratio": [], "element_bounds_ratio": [], "kaneaiMobileTaggingImageLimit": 4, "clicks_order_code": "se_js_ac", "selector": "", "selector_target": "", "manual_interaction_tag": "", "is_global_variable": false, "is_global_variable_persist": false, "global_variable_id": "", "mobile_browser": true, "wait_for_element_timeout": 0, "failure_condition": "", "parent_instruction_id": "", "version": "v2", "drag_offset": {}, "start_coordinates": {}, "end_coordinates": {}, "is_canvas": false, "sub_instruction_obj": "{\"operation\": \"Click toast button\", \"agent\": \"Vision Agent\", \"operation_dict\": {\"operation_type\": \"CLICK\", \"queried_value\": \"toast button\", \"operation_intent\": \"Click toast button\"}, \"suggestion\": \"\", \"variable\": {}, \"secrets\": {}, \"params\": {}}", "unresolved": false, "_original_index": 8, "global_operation_index": 8}, "9": {"operation_intent": "Click speed test button", "locator": ["//android.widget.Button[@resource-id=\"com.lambdatest.proverbial:id/speedTest\"]"], "operation_type": "CLICK", "value": "", "instruction_id": "cdffc193211a4191aecc3d97d116d543", "operation_id": "4bcf600685a64676", "optional_flag": false, "max_retries": 0, "retries_delay": 0, "explicit_wait": 0, "implicit_wait": 0, "frame": "", "user_variables": "[]", "operation_start": "2026-02-19 12:55:56.391775", "operation_end": "2026-02-19 12:55:56.944822", "instruction_module_id": "", "instruction_module_name": "", "use_v2_mobile_tagging": false, "hard_assertion": false, "dialog_action": "", "dialog_type": "", "dismiss_dialog": false, "is_coordinates_used_for_interaction": false, "element_coordinates_ratio": [], "element_bounds_ratio": [], "kaneaiMobileTaggingImageLimit": 4, "clicks_order_code": "se_js_ac", "selector": "", "selector_target": "", "manual_interaction_tag": "", "is_global_variable": false, "is_global_variable_persist": false, "global_variable_id": "", "mobile_browser": true, "wait_for_element_timeout": 0, "failure_condition": "", "parent_instruction_id": "", "version": "v2", "drag_offset": {}, "start_coordinates": {}, "end_coordinates": {}, "is_canvas": false, "sub_instruction_obj": "{\"operation\": \"Click speed test button\", \"agent\": \"Vision Agent\", \"operation_dict\": {\"operation_type\": \"CLICK\", \"queried_value\": \"speed test button\", \"operation_intent\": \"Click speed test button\"}, \"suggestion\": \"\", \"variable\": {}, \"secrets\": {}, \"params\": {}}", "unresolved": false, "_original_index": 9, "global_operation_index": 9}, "10": {"operation_intent": "Close current app", "operation_type": "CLOSE_APP", "value": "{\"packageName\": \"\", \"packageActivity\": \"\"}", "instruction_id": "b8ec346d438b4be7a6f2831629253913", "operation_id": "06326bf91ecb44cc", "optional_flag": false, "max_retries": 0, "retries_delay": 0, "explicit_wait": 0, "implicit_wait": 0, "frame": "", "user_variables": "[]", "operation_start": "2026-02-19 12:56:16.642708", "operation_end": "2026-02-19 12:56:17.086895", "instruction_module_id": "", "instruction_module_name": "", "use_v2_mobile_tagging": false, "hard_assertion": false, "dialog_action": "", "dialog_type": "", "dismiss_dialog": false, "is_coordinates_used_for_interaction": false, "element_coordinates_ratio": [], "element_bounds_ratio": [], "kaneaiMobileTaggingImageLimit": 1, "clicks_order_code": "se_js_ac", "selector": "", "selector_target": "", "manual_interaction_tag": "", "is_global_variable": false, "is_global_variable_persist": false, "global_variable_id": "", "mobile_browser": true, "wait_for_element_timeout": 0, "failure_condition": "", "parent_instruction_id": "", "version": "v2", "drag_offset": {}, "start_coordinates": {}, "end_coordinates": {}, "is_canvas": false, "sub_instruction_obj": "{\"operation\": \"Close current app\", \"agent\": \"Operation Agent\", \"operation_dict\": {\"operation_type\": \"CLOSE_APP\", \"operation_intent\": \"Close current app\"}, \"suggestion\": \"\", \"variable\": {}, \"secrets\": {}, \"params\": {}}", "unresolved": false, "_original_index": 10, "global_operation_index": 10}}, "parameters": {"altu": "altu", "Button": "Google Search", "center": "Private Companies Practice Section (PCPS)", "city": "Goa", "city_search": "Chennai", "city_search_new": "Delhi", "city_search11": "Delhi", "City5": "Mumbai", "City6": "Banglore", "Country": "India", "Course": "Business", "DemoIDP": "test12345", "Destination": "Australia", "dream11email": "roshank@lambdatest.com", "email": "test@test.com", "Email1": "sakshammp3@gmail.com1", "emailatistify": "sakshammp3@gmail.com", "emailTest": "test@gmail.com", "First_Name": "TestUsername", "fname": "John", "FNameTestMu": "Sparsh", "FNameTestMu123": "Sparsh", "google_url": "google.com", "Last_name": "Kaur", "LT_USERNAME": "devanshsingh", "myemail": "devanshsingh@lambdatest.com", "Name": "Devansh", "Name23": "Saksham", "password": "tr#zO\"1+6+tv+77", "Postal_Code": "560048", "productName": "Helmets", "region": "us", "review": "National Peer Review Committee (NPRC)", "Roll": "1", "sample_para": "1", "scroll_percentage": "15%", "search": "test", "slug_url": "register", "StudyLevel": "Postgraduate", "technoEmail": "roshank@lambdatest.com", "technoPassword": "12345", "Test1": "Test1", "test132424": "2424242424", "Test2": "Test2", "testpp": "abc@123", "TestRunID": "01K4JFVBHRN6GXC30WD0NZR8BS11", "University": "UNIVERSITY OF TECHNOLOGY SYDNEY", "Username": "standard_user"}, "variables": {}, "global_variables": [{"id": 7688, "name": "a", "value": "hello", "session_value": "hello", "is_persist": false, "environment_id": 0, "environment_name": "No Env"}, {"id": 3425, "name": "Appname", "value": "Proverbial", "session_value": "Proverbial", "is_persist": false, "environment_id": 0, "environment_name": "No Env"}, {"id": 1552, "name": "Demo", "value": "124", "session_value": "124", "is_persist": false, "environment_id": 0, "environment_name": "No Env"}, {"id": 1111, "name": "email_add", "value": "siof5pm9u3@example.com", "session_value": "siof5pm9u3@example.com", "is_persist": true, "environment_id": 0, "environment_name": "No Env"}, {"id": 7603, "name": "firstname", "value": "324356576", "session_value": "324356576", "is_persist": false, "environment_id": 0, "environment_name": "No Env"}, {"id": 7679, "name": "global_sample_variable", "value": "asdad", "session_value": "asdad", "is_persist": true, "environment_id": 0, "environment_name": "No Env"}, {"id": 7474, "name": "lambdatest", "value": "https://www.lambdatest.com/login", "session_value": "https://www.lambdatest.com/login", "is_persist": false, "environment_id": 0, "environment_name": "No Env"}, {"id": 8185, "name": "name", "value": "Prashant", "session_value": "Prashant", "is_persist": false, "environment_id": 0, "environment_name": "No Env"}, {"id": 11129, "name": "Name4", "value": "Saksham", "session_value": "Saksham", "is_persist": false, "environment_id": 0, "environment_name": "No Env"}, {"id": 9666, "name": "namePrashant", "value": "Prashant", "session_value": "Prashant", "is_persist": false, "environment_id": 0, "environment_name": "No Env"}, {"id": 4065, "name": "rand_str", "value": "6cRkaLc8", "session_value": "6cRkaLc8", "is_persist": true, "environment_id": 0, "environment_name": "No Env"}, {"id": 15850, "name": "salesForceDemo", "value": "saranshk191@agentforce.com", "session_value": "saranshk191@agentforce.com", "is_persist": false, "environment_id": 0, "environment_name": "No Env"}, {"id": 7674, "name": "sample_variable", "value": "Devansh", "session_value": "Devansh", "is_persist": true, "environment_id": 0, "environment_name": "No Env"}, {"id": 18062, "name": "ToBeSearched", "value": "Rugby", "session_value": "Rugby", "is_persist": false, "environment_id": 0, "environment_name": "No Env"}, {"id": 6448, "name": "url", "value": "www.github.com", "session_value": "www.github.com", "is_persist": false, "environment_id": 0, "environment_name": "No Env"}, {"id": 16987, "name": "url_test_git", "value": "www.google.com", "session_value": "www.google.com", "is_persist": false, "environment_id": 0, "environment_name": "No Env"}, {"id": 16986, "name": "url_toTest", "value": "www.google.co.in", "session_value": "www.google.co.in", "is_persist": false, "environment_id": 0, "environment_name": "No Env"}, {"id": 6021, "name": "url11", "value": "https://sod.superoffice.com/", "session_value": "https://sod.superoffice.com/", "is_persist": false, "environment_id": 0, "environment_name": "No Env"}, {"id": 11249, "name": "Test12345", "value": "Testing", "session_value": "Testing", "is_persist": false, "environment_id": 1123, "environment_name": "development"}, {"id": 11184, "name": "assert_var", "value": "Test", "session_value": "Test", "is_persist": false, "environment_id": 174, "environment_name": "Prod"}, {"id": 7951, "name": "devansh_github", "value": "https://www.github.com/", "session_value": "https://www.github.com/", "is_persist": false, "environment_id": 174, "environment_name": "Prod"}, {"id": 8128, "name": "lambdatest", "value": "https://www.github.com", "session_value": "https://www.github.com", "is_persist": false, "environment_id": 174, "environment_name": "Prod"}, {"id": 8187, "name": "number", "value": "1234", "session_value": "1234", "is_persist": false, "environment_id": 174, "environment_name": "Prod"}, {"id": 9298, "name": "prod_variable", "value": "https://www.youtube.com", "session_value": "https://www.youtube.com", "is_persist": false, "environment_id": 174, "environment_name": "Prod"}, {"id": 8188, "name": "tesingPhoneNumber", "value": "124567911", "session_value": "124567911", "is_persist": false, "environment_id": 174, "environment_name": "Prod"}, {"id": 2423, "name": "url", "value": "https://accounts.lambdatest.com/", "session_value": "https://accounts.lambdatest.com/", "is_persist": false, "environment_id": 174, "environment_name": "Prod"}, {"id": 8129, "name": "ewrfr", "value": "https://www.github.com", "session_value": "https://www.github.com", "is_persist": false, "environment_id": 304, "environment_name": "Stage"}, {"id": 9299, "name": "stage_variable", "value": "https://www.github.com", "session_value": "https://www.github.com", "is_persist": false, "environment_id": 304, "environment_name": "Stage"}, {"id": 2424, "name": "url", "value": "https://stage-accounts.lambdatestinternal.com/", "session_value": "https://stage-accounts.lambdatestinternal.com/", "is_persist": false, "environment_id": 304, "environment_name": "Stage"}, {"id": 10351, "name": "url", "value": "lambdatest.com", "session_value": "lambdatest.com", "is_persist": false, "environment_id": 1073, "environment_name": "test\\"}]}