{"max_network_wait": 10, "network_wait_for_all_actions": true, "kaneai_web_qwen": true, "wait_buffer": 0.2, "main_flow": {"0": {"operation_intent": "Click toast button", "locator": ["//XCUIElementTypeButton[@name=\"toast\"]"], "operation_type": "CLICK", "value": "", "instruction_id": "45ba47fd20004ecab0ce60fde21a3820", "operation_id": "6443f7c434864614", "optional_flag": false, "max_retries": 0, "retries_delay": 0, "explicit_wait": 0, "implicit_wait": 0, "frame": "", "user_variables": "[]", "operation_start": "2026-02-19 13:32:21.964896", "operation_end": "2026-02-19 13:32:25.683914", "instruction_module_id": "", "instruction_module_name": "", "use_v2_mobile_tagging": false, "hard_assertion": false, "dialog_action": "", "dialog_type": "", "dismiss_dialog": false, "is_coordinates_used_for_interaction": false, "element_coordinates_ratio": [], "element_bounds_ratio": [], "kaneaiMobileTaggingImageLimit": 1, "clicks_order_code": "se_js_ac", "selector": "", "selector_target": "", "manual_interaction_tag": "", "is_global_variable": false, "is_global_variable_persist": false, "global_variable_id": "", "mobile_browser": true, "wait_for_element_timeout": 0, "failure_condition": "", "parent_instruction_id": "", "version": "v2", "drag_offset": {}, "start_coordinates": {}, "end_coordinates": {}, "is_canvas": false, "sub_instruction_obj": "{\"operation\": \"Click toast button\", \"agent\": \"Vision Agent\", \"operation_dict\": {\"operation_type\": \"CLICK\", \"queried_value\": \"toast button\", \"operation_intent\": \"Click toast button\"}, \"suggestion\": \"\", \"variable\": {}, \"secrets\": {}, \"params\": {}}", "unresolved": false, "_original_index": 0, "global_operation_index": 0}, "1": {"operation_intent": "Click notification button", "locator": ["//XCUIElementTypeButton[@name=\"notification\"]"], "operation_type": "CLICK", "value": "", "instruction_id": "077b1a70e7c54fb18e81544d8cbd3dbe", "operation_id": "59a029616030461d", "optional_flag": false, "max_retries": 0, "retries_delay": 0, "explicit_wait": 0, "implicit_wait": 0, "frame": "", "user_variables": "[]", "operation_start": "2026-02-19 13:33:22.070970", "operation_end": "2026-02-19 13:33:23.466786", "instruction_module_id": "", "instruction_module_name": "", "use_v2_mobile_tagging": false, "hard_assertion": false, "dialog_action": "", "dialog_type": "", "dismiss_dialog": false, "is_coordinates_used_for_interaction": false, "element_coordinates_ratio": [], "element_bounds_ratio": [], "kaneaiMobileTaggingImageLimit": 1, "clicks_order_code": "se_js_ac", "selector": "", "selector_target": "", "manual_interaction_tag": "", "is_global_variable": false, "is_global_variable_persist": false, "global_variable_id": "", "mobile_browser": true, "wait_for_element_timeout": 0, "failure_condition": "", "parent_instruction_id": "", "version": "v2", "drag_offset": {}, "start_coordinates": {}, "end_coordinates": {}, "is_canvas": false, "sub_instruction_obj": "{\"operation\": \"Click notification button\", \"agent\": \"Vision Agent\", \"operation_dict\": {\"operation_type\": \"CLICK\", \"queried_value\": \"notification button\", \"operation_intent\": \"Click notification button\"}, \"suggestion\": \"\", \"variable\": {}, \"secrets\": {}, \"params\": {}}", "unresolved": false, "_original_index": 1, "global_operation_index": 1}, "2": {"operation_intent": "Click colour button", "locator": ["//XCUIElementTypeButton[@name=\"color\"]"], "operation_type": "CLICK", "value": "", "instruction_id": "d1bfec175c37470eabdcc48e2e8eca1e", "operation_id": "5eac7f1f709e441e", "optional_flag": false, "max_retries": 0, "retries_delay": 0, "explicit_wait": 0, "implicit_wait": 0, "frame": "", "user_variables": "[]", "operation_start": "2026-02-19 13:33:37.485825", "operation_end": "2026-02-19 13:33:38.862118", "instruction_module_id": "", "instruction_module_name": "", "use_v2_mobile_tagging": false, "hard_assertion": false, "dialog_action": "", "dialog_type": "", "dismiss_dialog": false, "is_coordinates_used_for_interaction": false, "element_coordinates_ratio": [], "element_bounds_ratio": [], "kaneaiMobileTaggingImageLimit": 1, "clicks_order_code": "se_js_ac", "selector": "", "selector_target": "", "manual_interaction_tag": "", "is_global_variable": false, "is_global_variable_persist": false, "global_variable_id": "", "mobile_browser": true, "wait_for_element_timeout": 0, "failure_condition": "", "parent_instruction_id": "", "version": "v2", "drag_offset": {}, "start_coordinates": {}, "end_coordinates": {}, "is_canvas": false, "sub_instruction_obj": "{\"operation\": \"Click colour button\", \"agent\": \"Vision Agent\", \"operation_dict\": {\"operation_type\": \"CLICK\", \"queried_value\": \"colour button\", \"operation_intent\": \"Click colour button\"}, \"suggestion\": \"\", \"variable\": {}, \"secrets\": {}, \"params\": {}}", "unresolved": false, "_original_index": 2, "global_operation_index": 2}, "3": {"operation_intent": "Click text button", "locator": ["//XCUIElementTypeButton[@name=\"Text\"]"], "operation_type": "CLICK", "value": "", "instruction_id": "07829edf643341b4a558fbd31f27e182", "operation_id": "9db1031a95954b29", "optional_flag": false, "max_retries": 0, "retries_delay": 0, "explicit_wait": 0, "implicit_wait": 0, "frame": "", "user_variables": "[]", "operation_start": "2026-02-19 13:33:56.705601", "operation_end": "2026-02-19 13:33:58.077320", "instruction_module_id": "", "instruction_module_name": "", "use_v2_mobile_tagging": false, "hard_assertion": false, "dialog_action": "", "dialog_type": "", "dismiss_dialog": false, "is_coordinates_used_for_interaction": false, "element_coordinates_ratio": [], "element_bounds_ratio": [], "kaneaiMobileTaggingImageLimit": 1, "clicks_order_code": "se_js_ac", "selector": "", "selector_target": "", "manual_interaction_tag": "", "is_global_variable": false, "is_global_variable_persist": false, "global_variable_id": "", "mobile_browser": true, "wait_for_element_timeout": 0, "failure_condition": "", "parent_instruction_id": "", "version": "v2", "drag_offset": {}, "start_coordinates": {}, "end_coordinates": {}, "is_canvas": false, "sub_instruction_obj": "{\"operation\": \"Click text button\", \"agent\": \"Vision Agent\", \"operation_dict\": {\"operation_type\": \"CLICK\", \"queried_value\": \"text button\", \"operation_intent\": \"Click text button\"}, \"suggestion\": \"\", \"variable\": {}, \"secrets\": {}, \"params\": {}}", "unresolved": false, "_original_index": 3, "global_operation_index": 3}, "4": {"operation_intent": "Click Speed Test button", "locator": ["//XCUIElementTypeButton[@name=\"speedTest\"]"], "operation_type": "CLICK", "value": "", "instruction_id": "5ca223b28dee42b0bd1dc2fe45d40ce1", "operation_id": "c0529fab6e124b4e", "optional_flag": false, "max_retries": 0, "retries_delay": 0, "explicit_wait": 0, "implicit_wait": 0, "frame": "", "user_variables": "[]", "operation_start": "2026-02-19 13:34:24.609197", "operation_end": "2026-02-19 13:34:26.217751", "instruction_module_id": "", "instruction_module_name": "", "use_v2_mobile_tagging": false, "hard_assertion": false, "dialog_action": "", "dialog_type": "", "dismiss_dialog": false, "is_coordinates_used_for_interaction": false, "element_coordinates_ratio": [], "element_bounds_ratio": [], "kaneaiMobileTaggingImageLimit": 1, "clicks_order_code": "se_js_ac", "selector": "", "selector_target": "", "manual_interaction_tag": "", "is_global_variable": false, "is_global_variable_persist": false, "global_variable_id": "", "mobile_browser": true, "wait_for_element_timeout": 0, "failure_condition": "", "parent_instruction_id": "", "version": "v2", "drag_offset": {}, "start_coordinates": {}, "end_coordinates": {}, "is_canvas": false, "sub_instruction_obj": "{\"operation\": \"Click Speed Test button\", \"agent\": \"Vision Agent\", \"operation_dict\": {\"operation_type\": \"CLICK\", \"queried_value\": \"Speed Test button\", \"operation_intent\": \"Click Speed Test button\"}, \"suggestion\": \"\", \"variable\": {}, \"secrets\": {}, \"params\": {}}", "unresolved": false, "_original_index": 4, "global_operation_index": 4}, "5": {"operation_intent": "Click 'continue on the web' text", "locator": ["//XCUIElementTypeStaticText[@name=\"Continue on the web\"]"], "operation_type": "CLICK", "value": "", "instruction_id": "3355704e9faa4ec783647764364ec799", "operation_id": "7bc04a98e74140ad", "optional_flag": false, "max_retries": 0, "retries_delay": 0, "explicit_wait": 0, "implicit_wait": 0, "frame": "", "user_variables": "[]", "operation_start": "2026-02-19 13:35:25.319963", "operation_end": "2026-02-19 13:35:27.269992", "instruction_module_id": "", "instruction_module_name": "", "use_v2_mobile_tagging": false, "hard_assertion": false, "dialog_action": "", "dialog_type": "", "dismiss_dialog": false, "is_coordinates_used_for_interaction": false, "element_coordinates_ratio": [], "element_bounds_ratio": [], "kaneaiMobileTaggingImageLimit": 1, "clicks_order_code": "se_js_ac", "selector": "", "selector_target": "", "manual_interaction_tag": "", "is_global_variable": false, "is_global_variable_persist": false, "global_variable_id": "", "mobile_browser": true, "wait_for_element_timeout": 0, "failure_condition": "", "parent_instruction_id": "", "version": "v2", "drag_offset": {}, "start_coordinates": {}, "end_coordinates": {}, "is_canvas": false, "sub_instruction_obj": "{\"operation\": \"Click 'continue on the web' text\", \"agent\": \"Vision Agent\", \"operation_dict\": {\"operation_type\": \"CLICK\", \"queried_value\": \"'continue on the web' text\", \"operation_intent\": \"Click 'continue on the web' text\"}, \"suggestion\": 1, \"variable\": {}, \"secrets\": {}, \"params\": {}}", "unresolved": false, "_original_index": 5, "global_operation_index": 5}, "6": {"operation_intent": "Click go button", "locator": ["//XCUIElementTypeButton[@name=\"start speed test - connection type multi\"]"], "operation_type": "CLICK", "value": "", "instruction_id": "3f626e399165496f82034bb8a25416f4", "operation_id": "d6ebfebd8c674a95", "optional_flag": false, "max_retries": 0, "retries_delay": 0, "explicit_wait": 0, "implicit_wait": 0, "frame": "", "user_variables": "[]", "operation_start": "2026-02-19 13:35:40.467491", "operation_end": "2026-02-19 13:35:42.426420", "instruction_module_id": "", "instruction_module_name": "", "use_v2_mobile_tagging": false, "hard_assertion": false, "dialog_action": "", "dialog_type": "", "dismiss_dialog": false, "is_coordinates_used_for_interaction": false, "element_coordinates_ratio": [], "element_bounds_ratio": [], "kaneaiMobileTaggingImageLimit": 1, "clicks_order_code": "se_js_ac", "selector": "", "selector_target": "", "manual_interaction_tag": "", "is_global_variable": false, "is_global_variable_persist": false, "global_variable_id": "", "mobile_browser": true, "wait_for_element_timeout": 0, "failure_condition": "", "parent_instruction_id": "", "version": "v2", "drag_offset": {}, "start_coordinates": {}, "end_coordinates": {}, "is_canvas": false, "sub_instruction_obj": "{\"operation\": \"Click go button\", \"agent\": \"Vision Agent\", \"operation_dict\": {\"operation_type\": \"CLICK\", \"queried_value\": \"go button\", \"operation_intent\": \"Click go button\"}, \"suggestion\": \"\", \"variable\": {}, \"secrets\": {}, \"params\": {}}", "unresolved": false, "_original_index": 6, "global_operation_index": 6}, "7": {"operation_intent": "Press BACK key", "operation_type": "KEYEVENT", "value": "BACK", "instruction_id": "25a4c6c551814dcf9fdd34ce6ca94ab0", "operation_id": "c5fdf95be1a04158", "optional_flag": false, "max_retries": 0, "retries_delay": 0, "explicit_wait": 0, "implicit_wait": 0, "frame": "", "user_variables": "[]", "operation_start": "2026-02-19 13:36:07.312578", "operation_end": "2026-02-19 13:36:08.419439", "instruction_module_id": "", "instruction_module_name": "", "use_v2_mobile_tagging": false, "hard_assertion": false, "dialog_action": "", "dialog_type": "", "dismiss_dialog": false, "is_coordinates_used_for_interaction": false, "element_coordinates_ratio": [], "element_bounds_ratio": [], "kaneaiMobileTaggingImageLimit": 1, "clicks_order_code": "se_js_ac", "selector": "", "selector_target": "", "manual_interaction_tag": "", "is_global_variable": false, "is_global_variable_persist": false, "global_variable_id": "", "mobile_browser": true, "wait_for_element_timeout": 0, "failure_condition": "", "parent_instruction_id": "", "version": "v2", "drag_offset": {}, "start_coordinates": {}, "end_coordinates": {}, "is_canvas": false, "sub_instruction_obj": "{\"operation\": \"Press BACK key\", \"agent\": \"Operation Agent\", \"operation_dict\": {\"operation_type\": \"KEYEVENT\", \"value\": \"BACK\", \"operation_intent\": \"Press BACK key\"}, \"suggestion\": \"\", \"variable\": {}, \"secrets\": {}, \"params\": {}}", "unresolved": false, "_original_index": 7, "global_operation_index": 7}, "8": {"operation_intent": "Close current app", "operation_type": "CLOSE_APP", "value": "{\"packageName\": \"\", \"packageActivity\": \"\"}", "instruction_id": "d904657f13e541faad30f0857676cd63", "operation_id": "3328d7d97074423d", "optional_flag": false, "max_retries": 0, "retries_delay": 0, "explicit_wait": 0, "implicit_wait": 0, "frame": "", "user_variables": "[]", "operation_start": "2026-02-19 13:36:10.150918", "operation_end": "2026-02-19 13:36:11.631016", "instruction_module_id": "", "instruction_module_name": "", "use_v2_mobile_tagging": false, "hard_assertion": false, "dialog_action": "", "dialog_type": "", "dismiss_dialog": false, "is_coordinates_used_for_interaction": false, "element_coordinates_ratio": [], "element_bounds_ratio": [], "kaneaiMobileTaggingImageLimit": 1, "clicks_order_code": "se_js_ac", "selector": "", "selector_target": "", "manual_interaction_tag": "", "is_global_variable": false, "is_global_variable_persist": false, "global_variable_id": "", "mobile_browser": true, "wait_for_element_timeout": 0, "failure_condition": "", "parent_instruction_id": "", "version": "v2", "drag_offset": {}, "start_coordinates": {}, "end_coordinates": {}, "is_canvas": false, "sub_instruction_obj": "{\"operation\": \"Close current app\", \"agent\": \"Operation Agent\", \"operation_dict\": {\"operation_type\": \"CLOSE_APP\", \"operation_intent\": \"Close current app\"}, \"suggestion\": \"\", \"variable\": {}, \"secrets\": {}, \"params\": {}}", "unresolved": false, "_original_index": 8, "global_operation_index": 8}}, "parameters": {"altu": "altu", "Button": "Google Search", "center": "Private Companies Practice Section (PCPS)", "city": "Goa", "city_search": "Chennai", "city_search_new": "Delhi", "city_search11": "Delhi", "City5": "Mumbai", "City6": "Banglore", "Country": "India", "Course": "Business", "DemoIDP": "test12345", "Destination": "Australia", "dream11email": "roshank@lambdatest.com", "email": "test@test.com", "Email1": "sakshammp3@gmail.com1", "emailatistify": "sakshammp3@gmail.com", "emailTest": "test@gmail.com", "First_Name": "TestUsername", "fname": "John", "FNameTestMu": "Sparsh", "FNameTestMu123": "Sparsh", "google_url": "google.com", "Last_name": "Kaur", "LT_USERNAME": "devanshsingh", "myemail": "devanshsingh@lambdatest.com", "Name": "Devansh", "Name23": "Saksham", "password": "tr#zO\"1+6+tv+77", "Postal_Code": "560048", "productName": "Helmets", "region": "us", "review": "National Peer Review Committee (NPRC)", "Roll": "1", "sample_para": "1", "scroll_percentage": "15%", "search": "test", "slug_url": "register", "StudyLevel": "Postgraduate", "technoEmail": "roshank@lambdatest.com", "technoPassword": "12345", "Test1": "Test1", "test132424": "2424242424", "Test2": "Test2", "testpp": "abc@123", "TestRunID": "01K4JFVBHRN6GXC30WD0NZR8BS11", "University": "UNIVERSITY OF TECHNOLOGY SYDNEY", "Username": "standard_user"}, "variables": {}, "global_variables": [{"id": 7688, "name": "a", "value": "hello", "session_value": "hello", "is_persist": false, "environment_id": 0, "environment_name": "No Env"}, {"id": 3425, "name": "Appname", "value": "Proverbial", "session_value": "Proverbial", "is_persist": false, "environment_id": 0, "environment_name": "No Env"}, {"id": 1552, "name": "Demo", "value": "124", "session_value": "124", "is_persist": false, "environment_id": 0, "environment_name": "No Env"}, {"id": 1111, "name": "email_add", "value": "siof5pm9u3@example.com", "session_value": "siof5pm9u3@example.com", "is_persist": true, "environment_id": 0, "environment_name": "No Env"}, {"id": 7603, "name": "firstname", "value": "324356576", "session_value": "324356576", "is_persist": false, "environment_id": 0, "environment_name": "No Env"}, {"id": 7679, "name": "global_sample_variable", "value": "asdad", "session_value": "asdad", "is_persist": true, "environment_id": 0, "environment_name": "No Env"}, {"id": 7474, "name": "lambdatest", "value": "https://www.lambdatest.com/login", "session_value": "https://www.lambdatest.com/login", "is_persist": false, "environment_id": 0, "environment_name": "No Env"}, {"id": 8185, "name": "name", "value": "Prashant", "session_value": "Prashant", "is_persist": false, "environment_id": 0, "environment_name": "No Env"}, {"id": 11129, "name": "Name4", "value": "Saksham", "session_value": "Saksham", "is_persist": false, "environment_id": 0, "environment_name": "No Env"}, {"id": 9666, "name": "namePrashant", "value": "Prashant", "session_value": "Prashant", "is_persist": false, "environment_id": 0, "environment_name": "No Env"}, {"id": 4065, "name": "rand_str", "value": "6cRkaLc8", "session_value": "6cRkaLc8", "is_persist": true, "environment_id": 0, "environment_name": "No Env"}, {"id": 15850, "name": "salesForceDemo", "value": "saranshk191@agentforce.com", "session_value": "saranshk191@agentforce.com", "is_persist": false, "environment_id": 0, "environment_name": "No Env"}, {"id": 7674, "name": "sample_variable", "value": "Devansh", "session_value": "Devansh", "is_persist": true, "environment_id": 0, "environment_name": "No Env"}, {"id": 18062, "name": "ToBeSearched", "value": "Rugby", "session_value": "Rugby", "is_persist": false, "environment_id": 0, "environment_name": "No Env"}, {"id": 6448, "name": "url", "value": "www.github.com", "session_value": "www.github.com", "is_persist": false, "environment_id": 0, "environment_name": "No Env"}, {"id": 16987, "name": "url_test_git", "value": "www.google.com", "session_value": "www.google.com", "is_persist": false, "environment_id": 0, "environment_name": "No Env"}, {"id": 16986, "name": "url_toTest", "value": "www.google.co.in", "session_value": "www.google.co.in", "is_persist": false, "environment_id": 0, "environment_name": "No Env"}, {"id": 6021, "name": "url11", "value": "https://sod.superoffice.com/", "session_value": "https://sod.superoffice.com/", "is_persist": false, "environment_id": 0, "environment_name": "No Env"}, {"id": 11249, "name": "Test12345", "value": "Testing", "session_value": "Testing", "is_persist": false, "environment_id": 1123, "environment_name": "development"}, {"id": 11184, "name": "assert_var", "value": "Test", "session_value": "Test", "is_persist": false, "environment_id": 174, "environment_name": "Prod"}, {"id": 7951, "name": "devansh_github", "value": "https://www.github.com/", "session_value": "https://www.github.com/", "is_persist": false, "environment_id": 174, "environment_name": "Prod"}, {"id": 8128, "name": "lambdatest", "value": "https://www.github.com", "session_value": "https://www.github.com", "is_persist": false, "environment_id": 174, "environment_name": "Prod"}, {"id": 8187, "name": "number", "value": "1234", "session_value": "1234", "is_persist": false, "environment_id": 174, "environment_name": "Prod"}, {"id": 9298, "name": "prod_variable", "value": "https://www.youtube.com", "session_value": "https://www.youtube.com", "is_persist": false, "environment_id": 174, "environment_name": "Prod"}, {"id": 8188, "name": "tesingPhoneNumber", "value": "124567911", "session_value": "124567911", "is_persist": false, "environment_id": 174, "environment_name": "Prod"}, {"id": 2423, "name": "url", "value": "https://accounts.lambdatest.com/", "session_value": "https://accounts.lambdatest.com/", "is_persist": false, "environment_id": 174, "environment_name": "Prod"}, {"id": 8129, "name": "ewrfr", "value": "https://www.github.com", "session_value": "https://www.github.com", "is_persist": false, "environment_id": 304, "environment_name": "Stage"}, {"id": 9299, "name": "stage_variable", "value": "https://www.github.com", "session_value": "https://www.github.com", "is_persist": false, "environment_id": 304, "environment_name": "Stage"}, {"id": 2424, "name": "url", "value": "https://stage-accounts.lambdatestinternal.com/", "session_value": "https://stage-accounts.lambdatestinternal.com/", "is_persist": false, "environment_id": 304, "environment_name": "Stage"}, {"id": 10351, "name": "url", "value": "lambdatest.com", "session_value": "lambdatest.com", "is_persist": false, "environment_id": 1073, "environment_name": "test\\"}]}